repeat,layer,effective_dimensionality,pc1_variance,mean_abs_off_diag_corr,reliability_g1,reliability_g3,method
0,32,3.987714643291837,0.2730966643366174,0.028950331610236368,0.0008643400804346202,0.0008643400804346202,fallback_permuted_projections
1,32,3.9809353042114566,0.2769278122515851,0.03499348697038968,0.0009865378676136662,0.0009865378676136662,fallback_permuted_projections
2,32,3.9870838317352333,0.2672315029803915,0.026857247853144552,0.001455975147542362,0.001455975147542362,fallback_permuted_projections
3,32,3.9910162948295773,0.2686898904572917,0.021201932511543953,0.000489168459735006,0.000489168459735006,fallback_permuted_projections
4,32,3.969221293232986,0.2807773961426222,0.04453672701835174,0.005416120125878556,0.005416120125878556,fallback_permuted_projections
5,32,3.9770663388860172,0.27482189009460856,0.03944836278780673,0.0012551946884150878,0.0012551946884150878,fallback_permuted_projections
6,32,3.993359219459384,0.26358112097622266,0.016444513758012782,0.00046853062090618377,0.00046853062090618377,fallback_permuted_projections
7,32,3.983099368935764,0.2738511707085951,0.029660875405126005,0.0027280568179610717,0.0027280568179610717,fallback_permuted_projections
8,32,3.9882004922508134,0.26853622416921497,0.0251212202333177,0.001233855029595902,0.001233855029595902,fallback_permuted_projections
9,32,3.9932502867618362,0.26530345967304214,0.02127983158464959,0.0014576387752572957,0.0014576387752572957,fallback_permuted_projections
10,32,3.983161167878981,0.2680079493783871,0.02878927493312698,0.0020020816733038343,0.0020020816733038343,fallback_permuted_projections
11,32,3.9874904086963063,0.27023319717403516,0.02535281638678569,0.0007068512630005909,0.0007068512630005909,fallback_permuted_projections
12,32,3.9857988242664137,0.2717318069234264,0.027498877028262952,0.0003033563163798528,0.0003033563163798528,fallback_permuted_projections
13,32,3.9906162351708967,0.2632998380184112,0.022575766853876123,0.0020861948207234293,0.0020861948207234293,fallback_permuted_projections
14,32,3.98904173765533,0.263638581001499,0.025747284407383903,0.0006841096756086462,0.0006841096756086462,fallback_permuted_projections
15,32,3.9894805694276023,0.2632945213861366,0.026221071131020263,0.004796623052508781,0.004796623052508781,fallback_permuted_projections
16,32,3.982312461318919,0.27027893700753786,0.03127179301214014,0.0009510475355875814,0.0009510475355875814,fallback_permuted_projections
17,32,3.986516970408368,0.27057659866784967,0.023530802841132875,0.0027689030514364108,0.0027689030514364108,fallback_permuted_projections
18,32,3.9889170109327874,0.2715098710704346,0.027570023368621698,0.0012064409449045656,0.0012064409449045656,fallback_permuted_projections
19,32,3.9879858815119342,0.2609794111341507,0.03093784309594123,0.0003758035203738883,0.0003758035203738883,fallback_permuted_projections
20,32,3.9911516286113407,0.2633499798238735,0.023723324449337894,0.0005796489087272229,0.0005796489087272229,fallback_permuted_projections
21,32,3.970110645210788,0.27465585151680844,0.04425542127476307,0.0031223827039975416,0.0031223827039975416,fallback_permuted_projections
22,32,3.9784133822201495,0.27070724397941975,0.03536202205044977,0.0003003060580922637,0.0003003060580922637,fallback_permuted_projections
23,32,3.9821928647700933,0.271443525302345,0.029208409957779142,0.0011582827328646547,0.0011582827328646547,fallback_permuted_projections
24,32,3.987908048444843,0.2706553038222783,0.024226232350028156,0.0011045713252584952,0.0011045713252584952,fallback_permuted_projections
25,32,3.9872616738761075,0.27128967867945863,0.028029301466078557,0.007602942314702668,0.007602942314702668,fallback_permuted_projections
26,32,3.986912349732483,0.27122871198177556,0.024889345766137216,0.0005744179835773575,0.0005744179835773575,fallback_permuted_projections
27,32,3.9858755495105402,0.27125983234929746,0.027612623586040965,0.0012243860726197334,0.0012243860726197334,fallback_permuted_projections
28,32,3.9935942534141007,0.2642937002497476,0.01981291154255832,0.00176866715987572,0.00176866715987572,fallback_permuted_projections
29,32,3.9924704585039557,0.2653891595869019,0.020751948735993404,0.0005663587939938166,0.0005663587939938166,fallback_permuted_projections
30,32,3.9978585075818125,0.2592292161502734,0.011376475889192874,0.00040835057438125727,0.00040835057438125727,fallback_permuted_projections
31,32,3.98350718646657,0.2723409043277985,0.02658764417307896,2.6496119083231047e-05,2.6496119083231047e-05,fallback_permuted_projections
32,32,3.9845498391976015,0.2694538251750999,0.03283509824407383,0.0012860199296363362,0.0012860199296363362,fallback_permuted_projections
33,32,3.976122599617246,0.27111825158202385,0.040061438194729675,0.0024901098950847584,0.0024901098950847584,fallback_permuted_projections
34,32,3.9921424136377497,0.26257061327246994,0.022153874217307565,0.0006927245200080974,0.0006927245200080974,fallback_permuted_projections
35,32,3.9939068444599175,0.26075092520571724,0.018937179221577317,0.0010396345640349713,0.0010396345640349713,fallback_permuted_projections
36,32,3.9939817818898327,0.26554749152826945,0.01847832388574163,0.00018361277519630696,0.00018361277519630696,fallback_permuted_projections
37,32,3.9800438339869935,0.27492800699475917,0.029608746909229516,0.0012629699682897427,0.0012629699682897427,fallback_permuted_projections
38,32,3.9683787447045096,0.2768745291428374,0.047060229630700286,0.0030154754062154654,0.0030154754062154654,fallback_permuted_projections
39,32,3.980759742840628,0.2725050983644748,0.03196253282934323,0.0030107875487580932,0.0030107875487580932,fallback_permuted_projections
40,32,3.9931418248853046,0.2639653358189,0.01839315838399529,0.0001421418442588511,0.0001421418442588511,fallback_permuted_projections
41,32,3.984725781626948,0.27221472255165347,0.0298351005579459,0.001877474789051068,0.001877474789051068,fallback_permuted_projections
42,32,3.992997983588908,0.2649577109345819,0.02019605645560504,0.002299693189821898,0.002299693189821898,fallback_permuted_projections
43,32,3.991954527858231,0.26556981768240273,0.01707664916735411,0.0010317987860464545,0.0010317987860464545,fallback_permuted_projections
44,32,3.984698136672376,0.2701318502103079,0.031744560028614754,0.0019031065615433868,0.0019031065615433868,fallback_permuted_projections
45,32,3.986015894421204,0.2743036504180582,0.028733351337155846,0.0008327580765673454,0.0008327580765673454,fallback_permuted_projections
46,32,3.9840935669217266,0.2724448485416984,0.029214640391340516,0.00014959940230517847,0.00014959940230517847,fallback_permuted_projections
47,32,3.986771569467625,0.26833115959684656,0.027752200423942105,0.002160249748873912,0.002160249748873912,fallback_permuted_projections
48,32,3.9945216517410813,0.2621178503099281,0.018055349018171542,0.00033223967879348487,0.00033223967879348487,fallback_permuted_projections
49,32,3.9973453381369692,0.25723179523074025,0.01058828103383818,0.000353430192158505,0.000353430192158505,fallback_permuted_projections
50,32,3.983373407095624,0.2749763519129164,0.03291915519081518,0.0007945743732192087,0.0007945743732192087,fallback_permuted_projections
51,32,3.980840514408062,0.27373409093108664,0.038042479103715485,0.00013240888282794512,0.00013240888282794512,fallback_permuted_projections
52,32,3.985573643335006,0.27082367686849756,0.03383339552724782,0.0014140555657910264,0.0014140555657910264,fallback_permuted_projections
53,32,3.9843288437563724,0.2702011293421843,0.03018139283521776,0.001963140783413655,0.001963140783413655,fallback_permuted_projections
54,32,3.9800213992158295,0.275865513139709,0.030759486092069396,0.0027173554182341954,0.0027173554182341954,fallback_permuted_projections
55,32,3.9922739695530933,0.2620798969386523,0.021989439951808274,0.0014484267824007987,0.0014484267824007987,fallback_permuted_projections
56,32,3.9854865842485205,0.26715439823779585,0.028463347103462988,0.00011045815318304407,0.00011045815318304407,fallback_permuted_projections
57,32,3.988664368361778,0.26661280366497947,0.027119451403943368,0.005408801954229272,0.005408801954229272,fallback_permuted_projections
58,32,3.9852836566340537,0.27256483314694274,0.02910834019476796,0.0022325826621365716,0.0022325826621365716,fallback_permuted_projections
59,32,3.990016458484304,0.2696405437831455,0.023272150659969234,0.0009815272394033956,0.0009815272394033956,fallback_permuted_projections
60,32,3.985736157959967,0.266007863534268,0.03007263672212022,0.0005884177689467884,0.0005884177689467884,fallback_permuted_projections
61,32,3.973756071740618,0.28115348467639584,0.03964684112046922,0.003927054379685461,0.003927054379685461,fallback_permuted_projections
62,32,3.988046607609104,0.26494671383079094,0.026749478302763974,0.001011841021772441,0.001011841021772441,fallback_permuted_projections
63,32,3.9887350397055763,0.265557341344973,0.025005477852368563,0.0023881446750433043,0.0023881446750433043,fallback_permuted_projections
64,32,3.9770412377768336,0.27296556785350023,0.032357649445486,0.00012748284698607448,0.00012748284698607448,fallback_permuted_projections
65,32,3.983510514763913,0.2704025619643482,0.028855763632883235,0.0014843469665560276,0.0014843469665560276,fallback_permuted_projections
66,32,3.9893866514676355,0.26555087231544294,0.024990252711745875,0.0004952356580707865,0.0004952356580707865,fallback_permuted_projections
67,32,3.9976566788340984,0.25855331850382346,0.011114519641561205,0.0041112023974998095,0.0041112023974998095,fallback_permuted_projections
68,32,3.986304693430476,0.2703266532696596,0.027637226519937736,0.0002608637609929817,0.0002608637609929817,fallback_permuted_projections
69,32,3.9911232941767647,0.2675141251612476,0.026086455375456504,0.0003498177120503781,0.0003498177120503781,fallback_permuted_projections
70,32,3.976443445255617,0.2707920620894479,0.040237017851089456,0.00028637670006036745,0.00028637670006036745,fallback_permuted_projections
71,32,3.984953956266284,0.26713991430327755,0.026603346546086263,0.0012601062385493526,0.0012601062385493526,fallback_permuted_projections
72,32,3.9899365764020236,0.26682746900152504,0.022674691306103795,0.001874282413232579,0.001874282413232579,fallback_permuted_projections
73,32,3.968465565770094,0.2844355300215732,0.04184432789479356,0.00027593639777922634,0.00027593639777922634,fallback_permuted_projections
74,32,3.989591637884829,0.2668410487352219,0.02653476803328732,0.002884705496587937,0.002884705496587937,fallback_permuted_projections
75,32,3.9878243904258697,0.26809601882589484,0.02777491675428394,0.00044082987108615335,0.00044082987108615335,fallback_permuted_projections
76,32,3.992519391099739,0.2638131081651028,0.02209257852410196,0.00014996696906594302,0.00014996696906594302,fallback_permuted_projections
77,32,3.989481025796143,0.2705917492650241,0.02491800375297834,0.001443062593784269,0.001443062593784269,fallback_permuted_projections
78,32,3.986097444014133,0.2667748163626099,0.029359236865067483,0.00018529658511984512,0.00018529658511984512,fallback_permuted_projections
79,32,3.99632752841839,0.25869133069859107,0.016673446037912997,0.0030508984120127267,0.0030508984120127267,fallback_permuted_projections
80,32,3.98417381467383,0.27341013107106305,0.02461943127079823,0.0006996530844924153,0.0006996530844924153,fallback_permuted_projections
81,32,3.9925359390256325,0.2641745150162633,0.02253423620292608,0.0017145977752802063,0.0017145977752802063,fallback_permuted_projections
82,32,3.974281295457749,0.2759817029731259,0.040378546162882674,0.002223565884771176,0.002223565884771176,fallback_permuted_projections
83,32,3.961234120506053,0.286943901201342,0.04968086031274308,0.0008246686714882343,0.0008246686714882343,fallback_permuted_projections
84,32,3.9931840775384426,0.260143621739953,0.0210530888857994,0.002454210298063502,0.002454210298063502,fallback_permuted_projections
85,32,3.9571658462101076,0.28650739048040014,0.04087722581065714,0.0012081331598156996,0.0012081331598156996,fallback_permuted_projections
86,32,3.9743490967390165,0.2742213039563117,0.04051787528022661,0.0009249257663761348,0.0009249257663761348,fallback_permuted_projections
87,32,3.9879655304826134,0.26824909442642464,0.03112513455568479,0.002288668640906437,0.002288668640906437,fallback_permuted_projections
88,32,3.9634799522604913,0.28584414581261014,0.04635875121905637,0.001701836725868827,0.001701836725868827,fallback_permuted_projections
89,32,3.9695062547165882,0.2812712787366033,0.04188189779791101,0.0005154869965422223,0.0005154869965422223,fallback_permuted_projections
90,32,3.9945181927464586,0.262606123437991,0.015425516447763535,0.0016071675741820431,0.0016071675741820431,fallback_permuted_projections
91,32,3.9925590074192927,0.26503575826242576,0.017203566742473243,0.0015408044934802966,0.0015408044934802966,fallback_permuted_projections
92,32,3.987489255985815,0.2665593644051799,0.028246800490432905,0.0009372226700171537,0.0009372226700171537,fallback_permuted_projections
93,32,3.993381250468316,0.2636886009516809,0.01710935157156324,0.0010101319107733756,0.0010101319107733756,fallback_permuted_projections
94,32,3.9827527740705366,0.2685536432564826,0.03236852315770985,0.0019266208845163393,0.0019266208845163393,fallback_permuted_projections
95,32,3.9651788204259772,0.282362220474421,0.04282308245708441,6.660442045985964e-05,6.660442045985964e-05,fallback_permuted_projections
96,32,3.9758078056217205,0.27307176155271984,0.03702315073452869,0.0013138627990206104,0.0013138627990206104,fallback_permuted_projections
97,32,3.988976084801744,0.26584636944256723,0.025421304007184776,0.00113160587395148,0.00113160587395148,fallback_permuted_projections
98,32,3.989366678295636,0.2633535133735909,0.0228498164945402,0.0005255882626228665,0.0005255882626228665,fallback_permuted_projections
99,32,3.9669942834800853,0.2835579758366055,0.04313594777593372,0.0007587993444277745,0.0007587993444277745,fallback_permuted_projections
0,40,3.9910904402673637,0.26666694845710437,0.02430863066722529,0.0036368526007409183,0.0036368526007409183,fallback_permuted_projections
1,40,3.995741305483041,0.2591901366447148,0.016422830062689617,0.0015176292436990721,0.0015176292436990721,fallback_permuted_projections
2,40,3.986458143908099,0.2675380954484046,0.026974542905321527,0.0019793991071878018,0.0019793991071878018,fallback_permuted_projections
3,40,3.983763301022495,0.27099259931991254,0.03627873466915584,0.0026115882886423407,0.0026115882886423407,fallback_permuted_projections
4,40,3.988769040734979,0.2701831456136312,0.022960804760135744,0.000407680205563603,0.000407680205563603,fallback_permuted_projections
5,40,3.9862135283968563,0.2677501259853334,0.030089692769177362,0.0024574357918028095,0.0024574357918028095,fallback_permuted_projections
6,40,3.989578567049016,0.2698871674399471,0.024960998471162583,0.001196191179379664,0.001196191179379664,fallback_permuted_projections
7,40,3.9980768077099293,0.25744146662905476,0.00812268800486296,0.0018356538693454715,0.0018356538693454715,fallback_permuted_projections
8,40,3.997519088760637,0.2576752657714095,0.012303761394333102,0.000786550140408705,0.000786550140408705,fallback_permuted_projections
9,40,3.9904049875076364,0.2640599980899975,0.02385046328178489,0.00044357447987954985,0.00044357447987954985,fallback_permuted_projections
10,40,3.960795622477096,0.2851821296929531,0.05506343143411255,0.003320334856591598,0.003320334856591598,fallback_permuted_projections
11,40,3.9784073621473452,0.2778694208880104,0.03372875920538675,0.003508938544561712,0.003508938544561712,fallback_permuted_projections
12,40,3.9964309584970388,0.25839607865429703,0.014639180092507484,0.0013716551686655976,0.0013716551686655976,fallback_permuted_projections
13,40,3.9761754189378666,0.27988601067818636,0.03965732788965403,0.0011059255160012428,0.0011059255160012428,fallback_permuted_projections
14,40,3.9904659102043802,0.269876030572386,0.024730173294304963,0.0002572228528525035,0.0002572228528525035,fallback_permuted_projections
15,40,3.9902421916987674,0.26846110480791213,0.02423710042602904,0.002366407275724586,0.002366407275724586,fallback_permuted_projections
16,40,3.9844011837647155,0.2688080137348124,0.03205683093128769,0.0025393350967105157,0.0025393350967105157,fallback_permuted_projections
17,40,3.9713511823876457,0.2803041752277872,0.043578372376451624,0.0013977996246114343,0.0013977996246114343,fallback_permuted_projections
18,40,3.983491197343105,0.2743042283764417,0.03190715500948018,0.0007443503196242518,0.0007443503196242518,fallback_permuted_projections
19,40,3.9806283770623363,0.2739060122412252,0.034981786730342676,0.0013508651519845787,0.0013508651519845787,fallback_permuted_projections
20,40,3.9841929836163557,0.2700685715657377,0.02727444532501176,0.0027973408481727718,0.0027973408481727718,fallback_permuted_projections
21,40,3.9623140023022043,0.288508960054766,0.04866137662252724,0.0011496131383549589,0.0011496131383549589,fallback_permuted_projections
22,40,3.9712327250050863,0.2822539488833496,0.04032416571828484,0.0010087386012368944,0.0010087386012368944,fallback_permuted_projections
23,40,3.97944925419239,0.27839164027397256,0.03782682543754481,0.0010774707262204153,0.0010774707262204153,fallback_permuted_projections
24,40,3.987916481333114,0.2670075753362865,0.031117971473895792,0.0022844686269189616,0.0022844686269189616,fallback_permuted_projections
25,40,3.9940079361544303,0.2641369060325065,0.018965391600561852,0.00033587612917840385,0.00033587612917840385,fallback_permuted_projections
26,40,3.982697053483555,0.2723526957963739,0.030701849282620264,0.0010786655727716469,0.0010786655727716469,fallback_permuted_projections
27,40,3.9923649654792523,0.2642746599522453,0.02137752368956834,0.003854907687793057,0.003854907687793057,fallback_permuted_projections
28,40,3.986002693424693,0.2658934550928671,0.02713131093036494,0.0005086859360902785,0.0005086859360902785,fallback_permuted_projections
29,40,3.9906677421598418,0.26278235409914075,0.023327139805007283,0.0007108908409631579,0.0007108908409631579,fallback_permuted_projections
30,40,3.9975029047624226,0.2593429174431142,0.011304675464616075,0.00032588579510267363,0.00032588579510267363,fallback_permuted_projections
31,40,3.953371438568136,0.28078703400261906,0.0466500046044242,0.0013260520820676364,0.0013260520820676364,fallback_permuted_projections
32,40,3.9832786892737735,0.2715765042996876,0.02611435028721973,0.0009858306681171944,0.0009858306681171944,fallback_permuted_projections
33,40,3.998264534895847,0.25671875162100316,0.009576454111289786,0.004242156536346913,0.004242156536346913,fallback_permuted_projections
34,40,3.9753792542588937,0.27850429080751893,0.02792633452613641,0.0013753753356128297,0.0013753753356128297,fallback_permuted_projections
35,40,3.966030299732845,0.2795502917311667,0.04229890706081433,0.0014104809100655652,0.0014104809100655652,fallback_permuted_projections
36,40,3.98908549161451,0.26806155182264,0.02536468827660861,0.004651674397805615,0.004651674397805615,fallback_permuted_projections
37,40,3.983663746335959,0.26526324698543746,0.03212753197369146,0.0015546118384698812,0.0015546118384698812,fallback_permuted_projections
38,40,3.983931718584261,0.2713958994598143,0.029690414393481645,0.003078743786651689,0.003078743786651689,fallback_permuted_projections
39,40,3.9881756531824517,0.26690613855381884,0.02756037815856438,0.0005159479500973319,0.0005159479500973319,fallback_permuted_projections
40,40,3.967515425622086,0.27641890377936046,0.040926336154376484,0.0007199052305777921,0.0007199052305777921,fallback_permuted_projections
41,40,3.984135459080377,0.2727807122687245,0.027260408303578,0.0005473986834413294,0.0005473986834413294,fallback_permuted_projections
42,40,3.983050014200979,0.26871797883679854,0.036744160497805906,0.000347329435702391,0.000347329435702391,fallback_permuted_projections
43,40,3.993280795655267,0.2629929230652629,0.022221011002149297,0.00055507242106088,0.00055507242106088,fallback_permuted_projections
44,40,3.98811427060236,0.2644499170092109,0.027267466465323197,0.004742669706639574,0.004742669706639574,fallback_permuted_projections
45,40,3.9793318233573505,0.2785063499245101,0.034695658048712864,8.414655104436239e-05,8.414655104436239e-05,fallback_permuted_projections
46,40,3.9800453967770864,0.2729970759976331,0.034352772850431874,0.0005453844081134736,0.0005453844081134736,fallback_permuted_projections
47,40,3.9904244340706074,0.2631720584465901,0.02592002005131735,0.000917340992299766,0.000917340992299766,fallback_permuted_projections
48,40,3.984760736736821,0.2698282547682813,0.0304479326469486,0.0005441384354955428,0.0005441384354955428,fallback_permuted_projections
49,40,3.973127890158118,0.2799472014964948,0.042537014247782355,0.0015276060619862548,0.0015276060619862548,fallback_permuted_projections
50,40,3.9826818086728535,0.27312735061569826,0.031638215049710504,0.0010213526043915178,0.0010213526043915178,fallback_permuted_projections
51,40,3.989503551984655,0.2703558122044315,0.025754368873166556,0.0014530289684552048,0.0014530289684552048,fallback_permuted_projections
52,40,3.9721726433510565,0.2755553024294216,0.04327538921053165,0.0014611719342553049,0.0014611719342553049,fallback_permuted_projections
53,40,3.9841897054595194,0.2708838581313841,0.028347748734226245,0.0004947422005662417,0.0004947422005662417,fallback_permuted_projections
54,40,3.9879229328513883,0.269719323052331,0.025501447485653198,0.0005070662158614761,0.0005070662158614761,fallback_permuted_projections
55,40,3.993822370488081,0.2630106917878449,0.02060238266755172,0.0004230699300997823,0.0004230699300997823,fallback_permuted_projections
56,40,3.995858862604162,0.25995650832423456,0.01778464558357323,0.0005262548527977941,0.0005262548527977941,fallback_permuted_projections
57,40,3.976889404562801,0.2740512171422452,0.03576986103419507,0.0015709139863295557,0.0015709139863295557,fallback_permuted_projections
58,40,3.991890436661191,0.265633556991068,0.02016549301825987,0.0019446308773387335,0.0019446308773387335,fallback_permuted_projections
59,40,3.990633337552914,0.26556206707261554,0.023275062596261765,0.0016806217925026115,0.0016806217925026115,fallback_permuted_projections
60,40,3.9872291086820795,0.2696304234073222,0.025323125189237777,0.001157527206855523,0.001157527206855523,fallback_permuted_projections
61,40,3.983509761170337,0.26927517969861536,0.030893008682821632,0.0008430138994232465,0.0008430138994232465,fallback_permuted_projections
62,40,3.9842525253664975,0.2707897436649813,0.033087950231879236,0.001310297278891789,0.001310297278891789,fallback_permuted_projections
63,40,3.9946436683211393,0.261626639303529,0.01699201407084962,0.0011089790607463129,0.0011089790607463129,fallback_permuted_projections
64,40,3.9912288759404437,0.26498113043304206,0.02107121279976298,0.003364290902920424,0.003364290902920424,fallback_permuted_projections
65,40,3.9826414402962937,0.2692177292951017,0.03263649430755692,0.0004295301335078896,0.0004295301335078896,fallback_permuted_projections
66,40,3.971773996712273,0.278742308218127,0.03814906023306061,0.000831296491772899,0.000831296491772899,fallback_permuted_projections
67,40,3.9884675328596133,0.26822020281700204,0.02055772976090085,0.001240194529128946,0.001240194529128946,fallback_permuted_projections
68,40,3.976540111071059,0.27704143896060107,0.041231208348106126,0.00031577310800382966,0.00031577310800382966,fallback_permuted_projections
69,40,3.978380938992167,0.2760558121504212,0.03672141397853874,0.003194646661952264,0.003194646661952264,fallback_permuted_projections
70,40,3.994716950956684,0.26323948083071136,0.01595049920755108,0.0004538559784310618,0.0004538559784310618,fallback_permuted_projections
71,40,3.9913830964017754,0.26491450149937273,0.01984976674996189,0.000231994638067075,0.000231994638067075,fallback_permuted_projections
72,40,3.9933918436338534,0.2632288289786013,0.016297356689856508,0.0004841175394586223,0.0004841175394586223,fallback_permuted_projections
73,40,3.981807749672594,0.2765957505842127,0.034124941589884585,0.0010768040809258125,0.0010768040809258125,fallback_permuted_projections
74,40,3.990238032614416,0.26536723423329456,0.022922761749380988,0.0002455086867172326,0.0002455086867172326,fallback_permuted_projections
75,40,3.9968859235239456,0.2593621995587776,0.013637115742232466,0.001352530243158605,0.001352530243158605,fallback_permuted_projections
76,40,3.9869095035227344,0.27059577569009935,0.03033375813259091,0.0002563682801045975,0.0002563682801045975,fallback_permuted_projections
77,40,3.990180662652495,0.26673580346702286,0.02587311095034395,0.0033816702828203867,0.0033816702828203867,fallback_permuted_projections
78,40,3.990009424215757,0.2671632438022435,0.02136598732430843,0.000500695655103734,0.000500695655103734,fallback_permuted_projections
79,40,3.9638594158647904,0.27875460423321125,0.050593511355722716,0.0005328969005090267,0.0005328969005090267,fallback_permuted_projections
80,40,3.9858045698908415,0.26972463550993464,0.029207004898493347,0.0003017183055892799,0.0003017183055892799,fallback_permuted_projections
81,40,3.9950457403627997,0.2606619142137889,0.01665581189614856,0.0035552996146003563,0.0035552996146003563,fallback_permuted_projections
82,40,3.9791051793476075,0.27061093886782206,0.03782127785560572,0.0021260836272289133,0.0021260836272289133,fallback_permuted_projections
83,40,3.968434903697825,0.2835030004887175,0.04078116980794645,0.0017019312863800924,0.0017019312863800924,fallback_permuted_projections
84,40,3.9720706010675895,0.2781314973273997,0.04178527750947785,0.0016227759308985827,0.0016227759308985827,fallback_permuted_projections
85,40,3.9905983283928013,0.2654377088065794,0.023692540811132534,0.00230568629675431,0.00230568629675431,fallback_permuted_projections
86,40,3.990129553724087,0.26462826434805314,0.023248000342056926,0.00017500016263826342,0.00017500016263826342,fallback_permuted_projections
87,40,3.9652188020697685,0.28248709146005346,0.04472185320038849,0.0027616326875043637,0.0027616326875043637,fallback_permuted_projections
88,40,3.9658030912271154,0.28536777008659303,0.04294833200806778,0.0028602780875178527,0.0028602780875178527,fallback_permuted_projections
89,40,3.991870356626364,0.26696558526536196,0.02280871719578596,0.002816890325900673,0.002816890325900673,fallback_permuted_projections
90,40,3.9945447421648987,0.26519022369678685,0.01936930399393148,0.0007373624475541164,0.0007373624475541164,fallback_permuted_projections
91,40,3.9943896701141073,0.2644036631326225,0.016597792693029252,0.0018249983188283125,0.0018249983188283125,fallback_permuted_projections
92,40,3.9921206141695778,0.2638836363294665,0.019308605878019833,0.0005017544533111751,0.0005017544533111751,fallback_permuted_projections
93,40,3.9932403598677606,0.2653850232493651,0.02243741546692542,0.0012831010516257135,0.0012831010516257135,fallback_permuted_projections
94,40,3.9751896302764536,0.27607387872416,0.0340282817587745,0.0031885579533442125,0.0031885579533442125,fallback_permuted_projections
95,40,3.9912574057005465,0.2664750649925639,0.022175308443626408,0.0013270474056703825,0.0013270474056703825,fallback_permuted_projections
96,40,3.9888518565382025,0.26988538988342486,0.024098112357095414,0.0008803961778728283,0.0008803961778728283,fallback_permuted_projections
97,40,3.9887225496993985,0.2684376490471818,0.024128677537881088,0.0018752458657706333,0.0018752458657706333,fallback_permuted_projections
98,40,3.9760659239713796,0.27982173145705647,0.03732384213576688,0.0006309198051952017,0.0006309198051952017,fallback_permuted_projections
99,40,3.9695362647927017,0.2765565837820378,0.04169054788079793,0.00041530470682597716,0.00041530470682597716,fallback_permuted_projections
0,47,3.990420187930186,0.26129231095448485,0.025674123104762983,0.0006126234428146034,0.0006126234428146034,fallback_permuted_projections
1,47,3.990326050177823,0.2643934717149703,0.023834542843369482,0.0006813894094350635,0.0006813894094350635,fallback_permuted_projections
2,47,3.9880943701474183,0.2672282186524538,0.028229091611401403,0.00033566747089587443,0.00033566747089587443,fallback_permuted_projections
3,47,3.9435826712217774,0.29038750866158836,0.04942380107980776,0.001090523604394848,0.001090523604394848,fallback_permuted_projections
4,47,3.977227970478052,0.27933441904507306,0.036119824313476,0.0016653979882678986,0.0016653979882678986,fallback_permuted_projections
5,47,3.9769375156803597,0.2778660882924714,0.03214272802434067,0.003922182392556562,0.003922182392556562,fallback_permuted_projections
6,47,3.9948600819309927,0.2627096602062072,0.01809481052397812,0.0032452113870251632,0.0032452113870251632,fallback_permuted_projections
7,47,3.9924535003208073,0.2633417842328208,0.020171359050596808,0.0006158542981018228,0.0006158542981018228,fallback_permuted_projections
8,47,3.991737844362054,0.2670050626613215,0.020220057489536064,0.0003106472042540494,0.0003106472042540494,fallback_permuted_projections
9,47,3.995934329879571,0.26165426509142364,0.013737653837771063,0.00016966921547968298,0.00016966921547968298,fallback_permuted_projections
10,47,3.984112020915206,0.2694451923068492,0.02689657606811958,0.0021911707892078463,0.0021911707892078463,fallback_permuted_projections
11,47,3.980944953467524,0.27459385419328486,0.030968442589112823,0.00033390496624841976,0.00033390496624841976,fallback_permuted_projections
12,47,3.991551361555178,0.26605678662760285,0.02227886839401103,0.0013718951721697237,0.0013718951721697237,fallback_permuted_projections
13,47,3.9904871264781274,0.2665859235613591,0.022405391143916837,0.00032313776216305243,0.00032313776216305243,fallback_permuted_projections
14,47,3.9706195444544683,0.28332789557236127,0.042985111779509026,4.9286234939459836e-05,4.9286234939459836e-05,fallback_permuted_projections
15,47,3.9833159143561505,0.26945732967350555,0.030054178303851844,0.001061145831404431,0.001061145831404431,fallback_permuted_projections
16,47,3.9862743772663976,0.2718352590684191,0.031090393112825316,0.002224316601516628,0.002224316601516628,fallback_permuted_projections
17,47,3.9928704759461904,0.26713770219235755,0.022471963290568792,2.1280723956268356e-05,2.1280723956268356e-05,fallback_permuted_projections
18,47,3.9948704847387777,0.2618190695219912,0.014995574734976362,0.002946589153750578,0.002946589153750578,fallback_permuted_projections
19,47,3.9939962843553745,0.26444548477921215,0.01710692093385219,0.0002707122937800183,0.0002707122937800183,fallback_permuted_projections
20,47,3.975953305015792,0.2773544462990802,0.035463066543343906,0.0011383084340297193,0.0011383084340297193,fallback_permuted_projections
21,47,3.9887598129337123,0.2702265155186998,0.022739252299495114,0.0003891453446081891,0.0003891453446081891,fallback_permuted_projections
22,47,3.974644518984867,0.27440071480287803,0.03898603314315673,0.0011371651376012816,0.0011371651376012816,fallback_permuted_projections
23,47,3.9964581793178007,0.25991455059107815,0.013129118503095416,0.0014264300895726778,0.0014264300895726778,fallback_permuted_projections
24,47,3.990079227103012,0.2677406008522372,0.02100494079580643,0.0009146951429805404,0.0009146951429805404,fallback_permuted_projections
25,47,3.981811199111613,0.2690556697625775,0.034439485743578364,0.0016606268952269803,0.0016606268952269803,fallback_permuted_projections
26,47,3.9838244905202314,0.27154522516208557,0.03554330569005738,0.0007375835608510391,0.0007375835608510391,fallback_permuted_projections
27,47,3.9835696926738557,0.2712255849292343,0.030930423991912714,0.0010749829316298008,0.0010749829316298008,fallback_permuted_projections
28,47,3.9851018823837734,0.2729434935597454,0.02469556686662407,0.001321775120158978,0.001321775120158978,fallback_permuted_projections
29,47,3.9829642519668336,0.27490197343103806,0.028413688431909376,0.0009825296305148309,0.0009825296305148309,fallback_permuted_projections
30,47,3.99385377345027,0.264867898944051,0.017139581397315935,0.001855916970660559,0.001855916970660559,fallback_permuted_projections
31,47,3.977267158938445,0.27202638489867176,0.03001624627052979,0.0014340843105427872,0.0014340843105427872,fallback_permuted_projections
32,47,3.994077269191326,0.2630811849483904,0.016333528623191595,0.0010936624369519952,0.0010936624369519952,fallback_permuted_projections
33,47,3.9878836513203595,0.2656574206878383,0.02818403630134268,0.00218569670559457,0.00218569670559457,fallback_permuted_projections
34,47,3.9981293038472856,0.25724354718154363,0.009631065067650215,0.001444738126925252,0.001444738126925252,fallback_permuted_projections
35,47,3.986207638444149,0.2710676625361506,0.02715057645270939,0.0019010719233356584,0.0019010719233356584,fallback_permuted_projections
36,47,3.992507864000806,0.2628995854665688,0.022672004722295285,0.002639742277398863,0.002639742277398863,fallback_permuted_projections
37,47,3.9932011735495516,0.2662128072649297,0.019599477769950073,0.003083250628482318,0.003083250628482318,fallback_permuted_projections
38,47,3.979526117438502,0.2800466550656501,0.03863997892042859,0.0015994033255973788,0.0015994033255973788,fallback_permuted_projections
39,47,3.998071464238838,0.2593234776911412,0.012121093359363703,0.0007998972301174544,0.0007998972301174544,fallback_permuted_projections
40,47,3.99405382596376,0.2638280030070617,0.016680364949867976,0.0031613151695283315,0.0031613151695283315,fallback_permuted_projections
41,47,3.9868174466085056,0.2701462180258379,0.024449060939983114,0.0013410584220233546,0.0013410584220233546,fallback_permuted_projections
42,47,3.97158402283496,0.28587845932595235,0.04750528058865766,0.00023214790082437789,0.00023214790082437789,fallback_permuted_projections
43,47,3.9810588824751982,0.27232557734456203,0.03238863445504391,0.0005254236822720784,0.0005254236822720784,fallback_permuted_projections
44,47,3.988025974657427,0.2726668637200794,0.029339961418133245,0.000837911481844024,0.000837911481844024,fallback_permuted_projections
45,47,3.9823300429219244,0.27412637102010573,0.030111260331928808,0.0009404883588170938,0.0009404883588170938,fallback_permuted_projections
46,47,3.980385924998437,0.2733548554379874,0.03538841497347345,0.0008242707368719443,0.0008242707368719443,fallback_permuted_projections
47,47,3.9764799100113097,0.2789838962577363,0.03322694043896198,0.00045629899578731236,0.00045629899578731236,fallback_permuted_projections
48,47,3.980733435675857,0.2722473653191432,0.031374862150538425,0.0005830456632618085,0.0005830456632618085,fallback_permuted_projections
49,47,3.9863377849584594,0.2662885184581534,0.030842501098577422,0.00048313612223771095,0.00048313612223771095,fallback_permuted_projections
50,47,3.9918053047061846,0.26451448836204416,0.022475207289830407,0.00258996093677074,0.00258996093677074,fallback_permuted_projections
51,47,3.9863248199509282,0.2721339760299642,0.02645082158553262,8.422040988394142e-05,8.422040988394142e-05,fallback_permuted_projections
52,47,3.975217870813304,0.2756734680821486,0.040312362728522615,0.0011978220165521141,0.0011978220165521141,fallback_permuted_projections
53,47,3.99303325577438,0.2630968011859236,0.020843105342576867,0.003806664484671078,0.003806664484671078,fallback_permuted_projections
54,47,3.98169496692621,0.27716934882372357,0.034921124826688084,0.0009798310803126264,0.0009798310803126264,fallback_permuted_projections
55,47,3.9801715389573524,0.2708881166262516,0.035024428288860036,0.002737531458036751,0.002737531458036751,fallback_permuted_projections
56,47,3.9676741904433346,0.2736853572815585,0.04471421413712081,0.001177114830941306,0.001177114830941306,fallback_permuted_projections
57,47,3.979629933742098,0.27157353178149884,0.032644155479751136,0.001363713025033071,0.001363713025033071,fallback_permuted_projections
58,47,3.9823944107824505,0.2733832102780264,0.03679351252002101,0.001172058190770903,0.001172058190770903,fallback_permuted_projections
59,47,3.993602581979081,0.2633554107909469,0.015725885191737714,0.0010248567811629698,0.0010248567811629698,fallback_permuted_projections
60,47,3.9849284987454303,0.2730639987774685,0.028973040296668476,0.002480904206019296,0.002480904206019296,fallback_permuted_projections
61,47,3.978849337534467,0.27858915297322845,0.03779582074484703,0.0013146366057242502,0.0013146366057242502,fallback_permuted_projections
62,47,3.9888492753262046,0.2679238652645746,0.029154139693593362,0.0009136874064347528,0.0009136874064347528,fallback_permuted_projections
63,47,3.9876924861892045,0.2692361918298135,0.023505426857568387,0.0001507383146630356,0.0001507383146630356,fallback_permuted_projections
64,47,3.9816467970008462,0.2748865507747333,0.03473747581992765,0.0037892173638229575,0.0037892173638229575,fallback_permuted_projections
65,47,3.9684315416747666,0.281068686809243,0.03659022946315033,0.0013024759215423778,0.0013024759215423778,fallback_permuted_projections
66,47,3.9738528602563346,0.2842395291822753,0.04460446390052339,0.000241906874330921,0.000241906874330921,fallback_permuted_projections
67,47,3.986157321236412,0.2691867784016937,0.03091886661094817,0.0003244516779492839,0.0003244516779492839,fallback_permuted_projections
68,47,3.9599449696797557,0.2861844723025469,0.05192762026199937,0.0005159295476226253,0.0005159295476226253,fallback_permuted_projections
69,47,3.985481663912048,0.2733146678295363,0.02981190790894121,0.0017534794465366118,0.0017534794465366118,fallback_permuted_projections
70,47,3.987452743848764,0.26558478305269273,0.028875565945220543,0.0016697626725759207,0.0016697626725759207,fallback_permuted_projections
71,47,3.99279544936082,0.26519748731357856,0.02045641639929945,0.002399203449104564,0.002399203449104564,fallback_permuted_projections
72,47,3.993962228122114,0.26308737429527473,0.018482358326780725,0.003297066732556187,0.003297066732556187,fallback_permuted_projections
73,47,3.991355959241257,0.2653249874004018,0.021744383509830892,0.0013163566888127764,0.0013163566888127764,fallback_permuted_projections
74,47,3.9921225961398688,0.2679304130112729,0.02290347099606273,0.001210283818940337,0.001210283818940337,fallback_permuted_projections
75,47,3.9934268936042394,0.263001276998601,0.023019977587194707,0.0005698340433539176,0.0005698340433539176,fallback_permuted_projections
76,47,3.984466685512996,0.2661091981248217,0.03006923119769535,0.0010531302403577107,0.0010531302403577107,fallback_permuted_projections
77,47,3.9959864830679126,0.2616454575394915,0.016851576766898448,0.0006899822478830611,0.0006899822478830611,fallback_permuted_projections
78,47,3.990096341104911,0.26588298709284663,0.025767912711580798,0.0010320483190114323,0.0010320483190114323,fallback_permuted_projections
79,47,3.974053442290781,0.2808640572199713,0.04370910169032868,3.8262184700945145e-05,3.8262184700945145e-05,fallback_permuted_projections
80,47,3.9850120393004382,0.2701604151281991,0.03288131343704812,0.0004283704166901995,0.0004283704166901995,fallback_permuted_projections
81,47,3.9905501418088365,0.2679529117891021,0.02262664226352525,0.001594834469076366,0.001594834469076366,fallback_permuted_projections
82,47,3.997715198702484,0.2582763689202476,0.013126758146243799,0.00533937256788214,0.00533937256788214,fallback_permuted_projections
83,47,3.9908139172387407,0.26996728471637393,0.025906361556916998,0.0001107219230046616,0.0001107219230046616,fallback_permuted_projections
84,47,3.990790316875299,0.2680543055069391,0.023895404948255605,5.1614278754662166e-05,5.1614278754662166e-05,fallback_permuted_projections
85,47,3.990994866745745,0.26781661578984384,0.02178934874031463,0.0013616695242591316,0.0013616695242591316,fallback_permuted_projections
86,47,3.9939097241433945,0.26256985055443144,0.01956917650025641,0.0032970984844522665,0.0032970984844522665,fallback_permuted_projections
87,47,3.97894188368304,0.27141712102224785,0.034804373899297976,0.00011439038261644374,0.00011439038261644374,fallback_permuted_projections
88,47,3.990756569755473,0.2678742720680179,0.021821662938649945,0.00016614566448456986,0.00016614566448456986,fallback_permuted_projections
89,47,3.991751315921868,0.2662083043317999,0.020418060667232993,0.0001595266234670346,0.0001595266234670346,fallback_permuted_projections
90,47,3.993643038641351,0.26369445266438046,0.020419454279681084,0.0007431581479918897,0.0007431581479918897,fallback_permuted_projections
91,47,3.986368747041765,0.27163110159312726,0.026969191668110803,0.0005288884515797183,0.0005288884515797183,fallback_permuted_projections
92,47,3.983224730629222,0.2704445715376396,0.032479348052755146,0.0019024808702639234,0.0019024808702639234,fallback_permuted_projections
93,47,3.977694274694946,0.2712559608740804,0.03593816896380167,0.0020243703268808047,0.0020243703268808047,fallback_permuted_projections
94,47,3.989565729522323,0.26705140037812214,0.024481104343847686,0.0027912740084888605,0.0027912740084888605,fallback_permuted_projections
95,47,3.97428164403784,0.27606203282364156,0.034491601179618414,0.0002514549133996515,0.0002514549133996515,fallback_permuted_projections
96,47,3.9965071529222658,0.25705411336966677,0.014748286923269594,0.0006284550182227976,0.0006284550182227976,fallback_permuted_projections
97,47,3.9913287290602133,0.2659091148858045,0.018969544735487235,0.0022055816299880043,0.0022055816299880043,fallback_permuted_projections
98,47,3.984877056639843,0.26504633890192775,0.03342808724267036,8.027785652429195e-05,8.027785652429195e-05,fallback_permuted_projections
99,47,3.9926488110572516,0.2615597472976091,0.022265135222604458,0.0003120025786935168,0.0003120025786935168,fallback_permuted_projections
